{
   "dashboards": [{
      "autoswitchEnabled": false,
      "columnCount": 1,
      "columnProportion": "1",
      "creationTime": 1584803918989,
      "dashboardNavigations": {},
      "description": "",
      "disabled": false,
      "gridsterMaxColumns": 12,
      "hidden": false,
      "homeTab": false,
      "id": "3690a3ad-4785-432f-982e-7fd23d94a619",
      "importAttempts": 0,
      "importComplete": true,
      "isDefault": false,
      "locked": false,
      "name": "Operations - Vsphere Vmware Tools Summary",
      "rank": 122,
      "shared": false,
      "states": [],
      "temporary": false,
      "userId": "2c5a5794-c0d3-4ca7-920c-fd101348e83d",
      "widgetInteractions": [],
      "widgets": [
         {
            "collapsed": false,
            "config": {
               "chartViewItems": [
                  "legend",
                  "labels",
                  "title"
               ],
               "isUpdatedView": true,
               "refreshContent": {"refreshContent": false},
               "refreshInterval": 300,
               "resource": {
                  "id": "Ext.vcops.chrome.model.Resource-33",
                  "resourceId": "resource:id:0_::_",
                  "resourceKindId": "002006VMWAREvSphere World",
                  "resourceName": "vSphere World",
                  "traversalSpecId": ""
               },
               "selectFirstRow": {"selectFirstRow": false},
               "selfProvider": {"selfProvider": true},
               "title": "VMware Tools Running Distrub status",
               "traversalSpecId": null,
               "viewDefinitionId": "cb26b302-7b91-4af7-9c9d-42a2527bb56f"
            },
            "gridsterCoords": {
               "h": 6,
               "w": 4,
               "x": 1,
               "y": 1
            },
            "height": 324,
            "id": "79390b9f-e179-4365-9ebb-3f45f7866f9b",
            "title": "VMware Tools Running Distrub status",
            "type": "View"
         },
         {
            "collapsed": false,
            "config": {
               "chartViewItems": [
                  "legend",
                  "labels",
                  "title"
               ],
               "isUpdatedView": true,
               "refreshContent": {"refreshContent": false},
               "refreshInterval": 300,
               "resource": {
                  "id": "Ext.vcops.chrome.model.Resource-35",
                  "resourceId": "resource:id:0_::_",
                  "resourceKindId": "002006VMWAREvSphere World",
                  "resourceName": "vSphere World",
                  "traversalSpecId": "vSphere Hosts and Clusters-VMWARE-vSphere World"
               },
               "selectFirstRow": {"selectFirstRow": false},
               "selfProvider": {"selfProvider": true},
               "title": "VMware Tools Running Distrub state",
               "traversalSpecId": null,
               "viewDefinitionId": "df02faef-e979-4092-9f24-877df9f969b9"
            },
            "gridsterCoords": {
               "h": 6,
               "w": 4,
               "x": 5,
               "y": 1
            },
            "height": 324,
            "id": "2e195411-47b7-4743-8893-c98da921868e",
            "title": "VMware Tools Running Distrub state",
            "type": "View"
         },
         {
            "collapsed": false,
            "config": {
               "chartViewItems": ["labels"],
               "isUpdatedView": true,
               "refreshContent": {"refreshContent": false},
               "refreshInterval": 300,
               "resource": {
                  "id": "Ext.vcops.chrome.model.Resource-37",
                  "resourceId": "resource:id:0_::_",
                  "resourceKindId": "002006VMWAREvSphere World",
                  "resourceName": "vSphere World",
                  "traversalSpecId": "vSphere Hosts and Clusters-VMWARE-vSphere World"
               },
               "selectFirstRow": {"selectFirstRow": false},
               "selfProvider": {"selfProvider": true},
               "title": "VMware Tools Version distrib bar",
               "traversalSpecId": null,
               "viewDefinitionId": "cc9040b5-81fc-4da7-bff9-95b936417d54"
            },
            "gridsterCoords": {
               "h": 6,
               "w": 4,
               "x": 9,
               "y": 1
            },
            "height": 324,
            "id": "88cd5c6c-b0a3-402c-a099-54536749d32a",
            "title": "VMware Tools Version distrib bar",
            "type": "View"
         },
         {
            "collapsed": false,
            "config": {
               "chartViewItems": [],
               "isUpdatedView": true,
               "refreshContent": {"refreshContent": false},
               "refreshInterval": 300,
               "resource": {
                  "id": "Ext.vcops.chrome.model.Resource-40",
                  "resourceId": "resource:id:0_::_",
                  "resourceKindId": "002006VMWAREvSphere World",
                  "resourceName": "vSphere World",
                  "traversalSpecId": "vSphere Hosts and Clusters-VMWARE-vSphere World"
               },
               "selectFirstRow": {"selectFirstRow": false},
               "selfProvider": {"selfProvider": true},
               "title": "VMware Tools Summary",
               "traversalSpecId": null,
               "viewDefinitionId": "81b04c6c-3007-4bcd-a472-cfeadbc4755a"
            },
            "gridsterCoords": {
               "h": 8,
               "w": 8,
               "x": 1,
               "y": 7
            },
            "height": 438,
            "id": "37da9968-be5b-45aa-80b7-f4f3ed9391c4",
            "title": "VMware Tools Summary",
            "type": "View"
         },
         {
            "collapsed": false,
            "config": {
               "chartViewItems": [],
               "isUpdatedView": true,
               "refreshContent": {"refreshContent": false},
               "refreshInterval": 300,
               "resource": {
                  "id": "Ext.vcops.chrome.model.Resource-43",
                  "resourceId": "resource:id:0_::_",
                  "resourceKindId": "002006VMWAREvSphere World",
                  "resourceName": "vSphere World",
                  "traversalSpecId": "vSphere Hosts and Clusters-VMWARE-vSphere World"
               },
               "selectFirstRow": {"selectFirstRow": false},
               "selfProvider": {"selfProvider": true},
               "title": "VMware Tools Not Running",
               "traversalSpecId": null,
               "viewDefinitionId": "0df86c51-1a88-4eee-a17c-39329a295ec6"
            },
            "gridsterCoords": {
               "h": 8,
               "w": 4,
               "x": 9,
               "y": 7
            },
            "height": 438,
            "id": "fc1218b6-509d-40f6-a48b-139440390855",
            "title": "VMware Tools Not Running",
            "type": "View"
         }
      ]
   }],
   "entries": {"resource": [{
      "adapterKindKey": "VMWARE",
      "identifiers": [],
      "internalId": "resource:id:0_::_",
      "name": "vSphere World",
      "resourceKindKey": "vSphere World"
   }]},
   "uuid": "2616b204-99f0-4702-a7ca-2ecda35fc5dc"
}