{\rtf1\ansi\ansicpg1252\cocoartf1671\cocoasubrtf100
{\fonttbl\f0\fswiss\fcharset0 Helvetica;}
{\colortbl;\red255\green255\blue255;}
{\*\expandedcolortbl;;}
\margl1440\margr1440\vieww10800\viewh8400\viewkind0
\pard\tx720\tx1440\tx2160\tx2880\tx3600\tx4320\tx5040\tx5760\tx6480\tx7200\tx7920\tx8640\pardirnatural\partightenfactor0

\f0\fs24 \cf0 <?xml version="1.0" encoding="UTF-8" standalone="yes"?>\
<Content>\
    <Views>\
        <ViewDef id="81b04c6c-3007-4bcd-a472-cfeadbc4755a">\
            <Title>Operations Performance VMware Tools Summary</Title>\
            <Description>Operations Performance VMware Tools Summary.</Description>\
            <SubjectType adapterKind="VMWARE" filter="[[\{&quot;condition&quot;:&quot;EQUALS&quot;,&quot;metricKey&quot;:&quot;sys|poweredOn&quot;,&quot;metricValue&quot;:\{&quot;isStringMetric&quot;:false,&quot;value&quot;:1\},&quot;filterType&quot;:&quot;metrics&quot;\}]]" resourceKind="VirtualMachine" type="descendant"/>\
            <SubjectType adapterKind="VMWARE" filter="[[\{&quot;condition&quot;:&quot;EQUALS&quot;,&quot;metricKey&quot;:&quot;sys|poweredOn&quot;,&quot;metricValue&quot;:\{&quot;isStringMetric&quot;:false,&quot;value&quot;:1\},&quot;filterType&quot;:&quot;metrics&quot;\}]]" resourceKind="VirtualMachine" type="self"/>\
            <Usage>dashboard</Usage>\
            <Usage>report</Usage>\
            <Usage>details</Usage>\
            <Usage>content</Usage>\
            <Controls>\
                <Control id="time-interval-selector_id_430" type="time-interval-selector" visible="false">\
                    <Property name="advancedTimeMode" value="false"/>\
                    <Property name="unit" value="DAYS"/>\
                    <Property name="count" value="7"/>\
                </Control>\
                <Control id="attributes-selector_id_431" type="attributes-selector" visible="false">\
                    <Property name="attributeInfos">\
                        <List>\
                            <Item>\
<Value>\
    <Property name="objectType" value="RESOURCE"/>\
    <Property name="attributeKey" value="summary|guest|toolsVersionStatus2"/>\
    <Property name="isStringAttribute" value="true"/>\
    <Property name="adapterKind" value="VMWARE"/>\
    <Property name="resourceKind" value="VirtualMachine"/>\
    <Property name="rollUpType" value="NONE"/>\
    <Property name="rollUpCount" value="0"/>\
    <Property name="transformations">\
        <List>\
            <Item value="CURRENT"/>\
        </List>\
    </Property>\
    <Property name="sortCriteria" value="true"/>\
    <Property name="isProperty" value="true"/>\
    <Property name="displayName" value="Tools State"/>\
</Value>\
                            </Item>\
                            <Item>\
<Value>\
    <Property name="objectType" value="RESOURCE"/>\
    <Property name="attributeKey" value="summary|guest|toolsRunningStatus"/>\
    <Property name="isStringAttribute" value="true"/>\
    <Property name="adapterKind" value="VMWARE"/>\
    <Property name="resourceKind" value="VirtualMachine"/>\
    <Property name="rollUpType" value="NONE"/>\
    <Property name="rollUpCount" value="0"/>\
    <Property name="transformations">\
        <List>\
            <Item value="CURRENT"/>\
        </List>\
    </Property>\
    <Property name="isProperty" value="true"/>\
    <Property name="displayName" value="Tools Status"/>\
</Value>\
                            </Item>\
                            <Item>\
<Value>\
    <Property name="objectType" value="RESOURCE"/>\
    <Property name="attributeKey" value="config|guestFullName"/>\
    <Property name="isStringAttribute" value="true"/>\
    <Property name="adapterKind" value="VMWARE"/>\
    <Property name="resourceKind" value="VirtualMachine"/>\
    <Property name="rollUpType" value="NONE"/>\
    <Property name="rollUpCount" value="0"/>\
    <Property name="transformations">\
        <List>\
            <Item value="CURRENT"/>\
        </List>\
    </Property>\
    <Property name="isProperty" value="true"/>\
    <Property name="displayName" value="Guest OS Name"/>\
</Value>\
                            </Item>\
                            <Item>\
<Value>\
    <Property name="objectType" value="RESOURCE"/>\
    <Property name="attributeKey" value="summary|parentCluster"/>\
    <Property name="isStringAttribute" value="true"/>\
    <Property name="adapterKind" value="VMWARE"/>\
    <Property name="resourceKind" value="VirtualMachine"/>\
    <Property name="rollUpType" value="NONE"/>\
    <Property name="rollUpCount" value="0"/>\
    <Property name="transformations">\
        <List>\
            <Item value="CURRENT"/>\
        </List>\
    </Property>\
    <Property name="isProperty" value="true"/>\
    <Property name="displayName" value="Parent Cluster"/>\
</Value>\
                            </Item>\
                            <Item>\
<Value>\
    <Property name="objectType" value="RESOURCE"/>\
    <Property name="attributeKey" value="summary|parentVcenter"/>\
    <Property name="isStringAttribute" value="true"/>\
    <Property name="adapterKind" value="VMWARE"/>\
    <Property name="resourceKind" value="VirtualMachine"/>\
    <Property name="rollUpType" value="NONE"/>\
    <Property name="rollUpCount" value="0"/>\
    <Property name="transformations">\
        <List>\
            <Item value="CURRENT"/>\
        </List>\
    </Property>\
    <Property name="isProperty" value="true"/>\
    <Property name="displayName" value="Parent vCenter"/>\
</Value>\
                            </Item>\
                        </List>\
                    </Property>\
                </Control>\
                <Control id="pagination-control_id_432" type="pagination-control" visible="true">\
                    <Property name="start" value="0"/>\
                    <Property name="size" value="50"/>\
                </Control>\
                <Control id="metadata_id_433" type="metadata" visible="false">\
                    <Property name="maxPointsCount" value="5000"/>\
                    <Property name="distributionColor" value="6870C4"/>\
                    <Property name="hideObjectNameColumn" value="false"/>\
                    <Property name="listTopResultSize" value="-1"/>\
                </Control>\
            </Controls>\
            <DataProviders>\
                <DataProvider dataType="list-view" id="list-view_id_429"/>\
            </DataProviders>\
            <Presentation type="list"/>\
        </ViewDef>\
    </Views>\
</Content>}